TileWidth,GPUAverage,GPUError
2,9.773824,0.018936
5,1.835520,0.008541
10,0.802741,0.013077
25,0.582293,0.005225
50,0.003264,0.001201
