MatrixSize,HomeToDevice,DeviceToHome,GPU,CPU,HTDError,DTHError,GPUError,CPUError
100,0.052768,0.035605,0.108480,2.885557,0.001407,0.001323,0.010163,0.084714
250,0.100427,0.083488,0.404245,42.158833,0.002550,0.001488,0.013763,0.196092
500,0.268672,0.254197,2.121781,333.358246,0.002037,0.010714,0.036324,1.011651
1000,0.942464,0.930496,16.850763,2706.142334,0.002762,0.008156,0.156250,3.000000
1500,2.055936,2.065024,55.654633,9340.983398,0.002392,0.004257,0.034939,18.973665
