MatrixSize,HomeToDevice,DeviceToHome,GPU,CPU,HTDError,DTHError,GPUError,CPUError
100,0.052160,0.041472,0.112683,2.892597,0.001258,0.009300,0.005175,0.070954
250,0.100533,0.084907,0.406709,42.107868,0.001013,0.000536,0.017619,0.137553
500,0.270731,0.256160,2.257760,334.661499,0.000211,0.004102,0.190617,1.296028
1000,0.940491,0.923563,16.845846,2703.686279,0.000946,0.001359,0.145216,6.782330
1500,2.052939,2.059211,55.648254,9354.351562,0.001196,0.001196,0.015625,18.973665
