MatrixSize,HomeToDevice,DeviceToHome,GPU,CPU,HTDError,DTHError,GPUError,CPUError
100,0.053717,0.037152,0.105941,2.907093,0.000961,0.000894,0.009601,0.023600
250,0.099851,0.087765,0.396875,43.868683,0.001805,0.003505,0.006631,0.286624
500,0.270720,0.254315,2.142400,345.968018,0.000449,0.008080,0.023468,5.094421
1000,0.940576,0.928011,16.991404,2796.455078,0.002899,0.004422,0.177380,51.720402
1500,2.057429,2.058528,55.607410,10042.225586,0.000691,0.001381,0.049411,387.442902
