MatrixSize,HomeToDevice,DeviceToHome,GPU,CPU,HTDError,DTHError,GPUError,CPUError
100,0.054475,0.030944,0.103552,2.861547,0.002737,0.002548,0.011046,0.054766
250,0.102581,0.096299,0.407541,42.369652,0.000730,0.009255,0.019181,0.308964
500,0.270645,0.253899,2.125195,334.183502,0.001530,0.001510,0.002072,0.723490
1000,0.940480,0.928416,17.062155,2732.394531,0.001983,0.004215,0.235220,23.653753
1500,2.063253,2.075531,57.146881,9697.434570,0.010875,0.020796,1.901698,153.701004
