MatrixSize,HomeToDevice,DeviceToHome,GPU,CPU,HTDError,DTHError,GPUError,CPUError
100,0.046592,0.041707,0.135413,1.640960,0.004718,0.017489,0.004060,0.050980
250,0.093077,0.079883,0.576576,23.211626,0.010850,0.006180,0.029478,0.422164
500,0.226944,0.221355,4.059958,186.834351,0.009436,0.025787,0.020624,2.570870
1000,0.756715,0.784779,33.063374,1516.015625,0.017004,0.026489,0.176085,13.152946
1500,1.532139,1.712672,109.233459,5247.998047,0.038211,0.054377,0.345168,17.944359
