MatrixSize,HomeToDevice,DeviceToHome,GPU,CPU,HTDError,DTHError,GPUError,CPUError
100,0.106539,0.159200,0.126091,2.930123,0.079056,0.147810,0.014475,0.024375
250,0.101152,0.086955,0.407061,41.999828,0.000608,0.004631,0.019310,0.203425
500,0.270795,0.262709,2.322368,333.230743,0.002011,0.021439,0.280395,0.856957
1000,0.959008,0.934464,17.056417,2708.602295,0.021895,0.010636,0.257398,10.559356
1500,2.053419,2.066773,56.525085,9400.147461,0.003010,0.006329,1.202211,94.783966
