MatrixSize,HomeToDevice,DeviceToHome,GPU,CPU,HTDError,DTHError,GPUError,CPUError
100,0.068405,0.041952,0.099093,2.917344,0.009638,0.002706,0.005920,0.019458
250,0.100619,0.084555,0.405291,43.450825,0.001697,0.001031,0.018887,0.599377
500,0.273067,0.259317,2.141237,346.210602,0.001744,0.007274,0.011262,3.390013
1000,0.981077,0.943627,16.920223,2795.863037,0.055250,0.013858,0.256090,52.407059
1500,2.059488,2.062549,56.082600,10069.038086,0.003164,0.001691,0.365772,321.297363
