MatrixSize,HomeToDevice,DeviceToHome,GPU,CPU,HTDError,DTHError,GPUError,CPUError
100,0.042379,0.028939,0.133152,1.715040,0.000849,0.003230,0.006580,0.060537
250,0.083211,0.064032,0.584715,24.879274,0.009094,0.009880,0.019284,1.085432
500,0.211904,0.213184,4.179680,189.603775,0.034179,0.024038,0.227876,1.665364
1000,0.723947,0.808149,33.160278,1548.390991,0.021091,0.095102,0.375813,17.585505
1500,1.542101,1.755840,108.615479,5640.263672,0.059316,0.130251,0.482102,392.550629
