TileWidth,MatrixSize,GPUAverage,GPUError
25,100,0.129408,0.005356
25,250,0.473387,0.017375
25,500,2.730357,0.000000
25,1000,20.543915,0.163036
25,1500,68.522133,1.622895
