TileWidth,MatrixSize,GPUAverage,GPUError
25,100,0.090240,0.000634
25,250,0.435253,0.004531
25,500,3.396950,0.140771
25,1000,25.558678,0.309359
25,1500,89.709282,0.346579
