TileWidth,MatrixSize,GPUAverage,GPUError
25,400,3.739776,0.183128
25,250,0.689301,0.000345
25,500,5.354454,0.053542
25,1000,41.681564,0.464433
25,1500,137.981339,1.583607
