TileWidth,MatrixSize,GPUAverage,GPUError
25,100,0.309408,0.003935
25,250,0.673749,0.002863
25,500,2.940128,0.003088
25,1000,20.852160,0.315658
25,1500,68.018013,0.301364
