TileWidth,MatrixSize,GPUAverage,GPUError
25,100,0.113525,0.010000
25,250,0.462091,0.003218
25,500,2.728907,0.000977
25,1000,20.531265,0.161154
25,1500,67.563332,0.163876
