TileWidth,MatrixSize,GPUAverage,GPUError
25,100,0.117931,0.008382
25,250,0.458795,0.000457
25,500,2.730421,0.000000
25,1000,20.421247,0.005524
25,1500,67.429260,0.160869
