TileWidth,MatrixSize,GPUAverage,GPUError
25,100,0.117899,0.008454
25,250,0.459627,0.000905
25,500,2.729226,0.001381
25,1000,20.421921,0.000000
25,1500,67.570793,0.327753
