TileWidth,MatrixSize,GPUAverage,GPUError
25,100,0.308416,0.007868
25,250,0.659787,0.006246
25,500,2.941386,0.003088
25,1000,20.633493,0.005524
25,1500,68.337013,0.589624
